"","Time","Sl_No.","UPI_Remitter_Bank","Total_Volume","Approved.","BD.","TD.","Total.Debit.Reversal.Count","Debit.Reversal.Success"
"1","""Aug 21""",1,"State Bank Of India",1018.15,9387.343,697.43275,274.9005,11.09,9.691551
"2","""Aug 21""",2,"Hdfc Bank Ltd",314.36,936.7928,46.52528,2.766368,2.21,2.140164
"3","""Aug 21""",3,"Axis Bank Ltd",235.25,529.3125,20.019775,2.5407,1.29,0.909063
"4","""Aug 21""",4,"Bank Of Baroda",219.01,442.4002,34.38457,0.985545,1.39,1.368733
"5","""Aug 21""",5,"Icici Bank",217.79,448.6474,24.17469,0.370243,1.06,0.923896
"6","""Aug 21""",6,"Paytm Payments Bank",212.37,426.8637,21.237,0.84948,1.26,1.117998
"7","""Aug 21""",7,"Punjab National Bank",173.85,259.0365,25.0344,16.637445,6.05,4.50604
"8","""Aug 21""",8,"Union Bank Of India",170.46,259.0992,23.8644,5.949054,2.89,1.260329
"9","""Aug 21""",9,"Canara Bank",153.75,215.25,18.7575,1.552875,1.16,1.08634
"11","""Aug 21""",11,"Kotak Mahindra Bank",129.15,156.2715,9.2988,0.98154,1.01,0.924251
"51","""Sept 21""",1,"State Bank Of India",1036.45,9607.8915,751.42625,373.122,14.87,14.281148
"52","""Sept 21""",2,"Hdfc Bank Ltd",327.32,1014.692,54.98976,0.720104,1.7,1.67331
"53","""Sept 21""",3,"Bank Of Baroda",231.73,493.5849,40.32102,1.019612,1.38,1.358748
"54","""Sept 21""",4,"Icici Bank",225.22,477.4664,26.12552,2.770206,2.06,0.892186
"55","""Sept 21""",5,"Axis Bank Ltd",214.22,434.8666,18.979892,3.063346,1.5,0.9018
"56","""Sept 21""",6,"Paytm Payments Bank",212.36,426.8436,22.72252,0.5309,1.06,1.013148
"57","""Sept 21""",7,"Union Bank Of India",195.42,338.0766,40.45194,2.970384,1.87,1.259445
"58","""Sept 21""",8,"Punjab National Bank",179.64,298.2024,20.83824,2.2455,1.8,1.50228
"59","""Sept 21""",9,"Canara Bank",163.54,243.6746,21.91436,0.98124,1.24,1.162128
"60","""Sept 21""",10,"Kotak Mahindra Bank",137.75,174.9425,10.88225,2.9203,2.09,1.752674
"101","""Oct 21""",1,"State Bank Of India",1193.24,13101.7752,998.74188,136.02936,7.15,7.109245
"102","""Oct 21""",2,"Hdfc Bank Ltd",381.13,1368.2567,76.226,4.344882,1.61,1.457855
"103","""Oct 21""",3,"Bank Of Baroda",265.61,645.4323,50.20029,8.951057,1.85,1.188995
"104","""Oct 21""",4,"Icici Bank",262.75,654.2475,34.1575,1.024725,0.88,0.752576
"105","""Oct 21""",5,"Union Bank Of India",256.7,580.142,67.7688,9.67759,1.16,0.462608
"106","""Oct 21""",6,"Axis Bank Ltd",249.31,590.8647,24.906069,5.210579,0.81,0.465912
"107","""Oct 21""",7,"Paytm Payments Bank",248.26,585.8936,29.04642,0.422042,1.01,0.992527
"108","""Oct 21""",8,"Punjab National Bank",205.66,374.3012,29.8207,18.632796,2.54,2.084832
"109","""Oct 21""",9,"Canara Bank",183.45,310.0305,24.2154,1.21077,0.98,0.938448
"110","""Oct 21""",10,"Kotak Mahindra Bank",161.27,241.905,15.304523,2.773844,0.83,0.742186
"151","""Nov 21""",1,"State Bank Of India",1176.24,12738.6792,969.22176,118.80024,6.35,6.207125
"152","""Nov 21""",2,"Hdfc Bank Ltd",368.77,1287.0073,71.17261,0.921925,1.56,1.55142
"153","""Nov 21""",3,"Bank Of Baroda",261.95,628.68,48.1988,8.69674,3.14,2.044454
"154","""Nov 21""",4,"Icici Bank",253.34,605.4826,30.65414,3.318754,1.69,1.386476
"155","""Nov 21""",5,"Union Bank Of India",253.21,582.383,52.66768,4.659064,2.08,1.221168
"156","""Nov 21""",6,"Paytm Payments Bank",246.9,577.746,30.1218,0.59256,0.96,0.921792
"157","""Nov 21""",7,"Axis Bank Ltd",245.3,574.002,23.64692,1.74163,0.96,0.780576
"158","""Nov 21""",8,"Punjab National Bank",199.26,364.6458,27.8964,4.08483,1.62,1.400004
"159","""Nov 21""",9,"Canara Bank",183.94,312.698,22.9925,0.974882,0.94,0.880216
"160","""Nov 21""",10,"Kotak Mahindra Bank",162.08,244.7408,15.041024,2.204288,1.34,1.077226
"201","""Dec 21""",1,"State Bank Of India",1296.56,14897.4744,1165.60744,744.22544,18.29,15.010603
"202","""Dec 21""",2,"Hdfc Bank Ltd",410.13,1591.3044,86.94756,3.158001,2.7,2.61549
"203","""Dec 21""",3,"Bank Of Baroda",289.1,771.897,60.1328,1.56114,2.02,2.013334
"204","""Dec 21""",4,"Union Bank Of India",281.76,721.3056,67.34064,3.155712,2.85,2.38089
"205","""Dec 21""",5,"Icici Bank",280.71,749.4957,36.77301,0.84213,1.48,1.34384
"206","""Dec 21""",6,"Paytm Payments Bank",267.13,675.8389,33.39125,3.980237,1.73,1.420157
"207","""Dec 21""",7,"Axis Bank Ltd",254.57,618.6051,26.72985,0.127285,1.35,1.329075
"208","""Dec 21""",8,"Punjab National Bank",218.34,421.3962,37.77282,16.724844,3.4,2.74788
"209","""Dec 21""",9,"Canara Bank",205.52,388.4328,30.62248,1.726368,1.44,1.414512
"210","""Dec 21""",10,"Kotak Mahindra Bank",181.89,307.3941,17.752464,3.892446,2.45,2.037175
"251","""Jan 22""",1,"State Bank Of India",1291.88,15295.8592,1184.65396,201.53328,8.17,7.815422
"252","""Jan 22""",2,"Hdfc Bank Ltd",406.61,1553.2502,94.33352,4.757337,2.52,2.30076
"253","""Jan 22""",3,"Bank Of Baroda",299.12,822.58,65.8064,4.367152,1.55,1.53264
"254","""Jan 22""",4,"Union Bank Of India",287.21,743.8739,72.66413,7.984438,3.17,1.48356
"255","""Jan 22""",5,"Icici Bank",274,712.4,35.072,1.2604,1.22,0.852536
"256","""Jan 22""",6,"Paytm Payments Bank",262.28,653.0772,34.0964,0.52456,1.06,0.996824
"257","""Jan 22""",7,"Axis Bank Ltd",243.68,565.3376,26.56112,1.46208,0.96,0.938784
"258","""Jan 22""",8,"Punjab National Bank",213.48,420.5556,31.38156,2.77524,1.67,1.503501
"259","""Jan 22""",9,"Canara Bank",206.3,391.97,29.9135,1.98048,1.26,1.171674
"260","""Jan 22""",10,"Kotak Mahindra Bank",186.34,326.095,18.634,1.006236,0.93,0.802311
"301","""Feb 22""",1,"State Bank Of India",1242.45,13989.987,1047.38535,392.6142,11.28,8.497224
"302","""Feb 22""",2,"Hdfc Bank Ltd",400.52,1513.9656,83.30816,3.043952,2.37,2.282784
"303","""Feb 22""",3,"Bank Of Baroda",294.86,802.0192,59.85658,5.985658,1.83,1.773636
"304","""Feb 22""",4,"Union Bank Of India",280.49,709.6397,65.35417,8.947631,3.52,1.669184
"305","""Feb 22""",5,"Paytm Payments Bank",263.34,658.35,32.9175,0.474012,1.06,1.003184
"306","""Feb 22""",6,"Icici Bank",259.62,636.069,35.56794,1.869264,1.55,1.37423
"307","""Feb 22""",7,"Axis Bank Ltd",248.03,585.3508,25.54709,2.207467,1.68,1.127952
"308","""Feb 22""",8,"Punjab National Bank",207.63,398.6496,25.74612,5.460669,2.57,2.065766
"309","""Feb 22""",9,"Canara Bank",204.75,389.025,28.05075,1.617525,1.31,1.136949
"310","""Feb 22""",10,"Kotak Mahindra Bank",187.06,323.6138,19.82836,5.031914,2.46,2.063694
"351","""Mar 22""",1,"State Bank Of India",1482.61,20207.9743,1497.4361,252.0437,7.41,7.34331
"352","""Mar 22""",2,"Hdfc Bank Ltd",476.94,2146.23,122.09664,5.914056,2.91,2.49678
"353","""Mar 22""",3,"Bank Of Baroda",349.91,1133.7084,84.32831,4.373875,1.97,1.960938
"354","""Mar 22""",4,"Union Bank Of India",325.96,961.582,85.72748,12.940612,2.65,1.476315
"355","""Mar 22""",5,"Paytm Payments Bank",313.91,938.5909,45.51695,0.282519,0.92,0.905372
"356","""Mar 22""",6,"Icici Bank",306.56,882.8928,49.35616,5.150208,1.53,1.276938
"357","""Mar 22""",7,"Axis Bank Ltd",293.88,822.864,38.49828,1.293072,1.31,1.084418
"358","""Mar 22""",8,"Punjab National Bank",248.39,571.297,37.50689,6.284267,2.17,1.778315
"359","""Mar 22""",9,"Canara Bank",248.09,558.2025,47.38519,9.650701,2.88,1.776096
"360","""Mar 22""",10,"Kotak Mahindra Bank",224.76,467.5008,28.31976,7.709268,2.9,2.58709
"401","""April 22""",1,"State Bank Of India",1540.38,21411.282,1617.399,670.0653,8.38,8.017984
"402","""April 22""",2,"Hdfc Bank Ltd",496.36,2313.0376,130.54268,14.990072,3.29,3.131093
"403","""April 22""",3,"Bank Of Baroda",360.74,1212.0864,84.41316,4.004214,1.98,1.959012
"404","""April 22""",4,"Union Bank Of India",346.76,1095.7616,97.0928,6.831172,3.01,2.015496
"405","""April 22""",5,"Icici Bank",325.45,995.877,48.8175,12.69255,3.06,1.950444
"406","""April 22""",6,"Paytm Payments Bank",316.18,954.8636,44.2652,0.189708,1.04,1.035632
"407","""April 22""",7,"Axis Bank Ltd",303.67,865.4595,48.28353,6.98441,1.39,1.071829
"408","""April 22""",8,"Punjab National Bank",261.09,634.4487,40.99113,5.848416,2.36,2.02252
"409","""April 22""",9,"Canara Bank",255.29,584.6141,52.84503,13.27508,4.63,3.72252
"410","""April 22""",10,"Kotak Mahindra Bank",232.63,495.5019,29.54401,15.307054,3.72,3.342792
"451","""May 22""",1,"State Bank Of India",1644.91,24410.4644,1973.892,659.60891,6.99,6.463653
"452","""May 22""",2,"Hdfc Bank Ltd",532.02,2665.4202,159.606,4.52217,2.02,2.009092
"453","""May 22""",3,"Bank Of Baroda",387.88,1392.4892,100.46092,8.843664,2.42,2.163722
"454","""May 22""",4,"Union Bank Of India",370.84,1257.1476,111.99368,4.672584,1.82,1.395576
"455","""May 22""",5,"Icici Bank",342.09,1108.3716,56.78694,3.147228,1.27,1.187069
"456","""May 22""",6,"Paytm Payments Bank",323.77,1000.4493,45.00403,0.194262,0.87,0.865389
"457","""May 22""",7,"Axis Bank Ltd",316.26,955.1052,43.01136,1.676178,1.15,0.96669
"458","""May 22""",8,"Punjab National Bank",277.91,717.0078,48.63425,5.308081,1.58,1.450282
"459","""May 22""",9,"Canara Bank",266.56,629.0816,59.70944,19.885376,2.72,2.255696
"460","""May 22""",10,"Kotak Mahindra Bank",247.84,567.5536,33.95408,12.466352,2.45,2.290995
"501","""Jun 22""",1,"State Bank Of India",1625.09,23222.5361,1836.3517,1335.82398,13.07,11.058527
"502","""Jun 22""",2,"Hdfc Bank Ltd",529.76,2648.8,153.6304,2.224992,1.91,1.889372
"503","""Jun 22""",3,"Bank Of Baroda",383.61,1357.9794,94.36806,17.185728,3.9,3.25455
"504","""Jun 22""",4,"Union Bank Of India",368.31,1233.8385,101.65356,19.262613,3.17,2.090298
"505","""Jun 22""",5,"Icici Bank",343.52,1116.44,55.30672,5.530672,1.19,1.102773
"506","""Jun 22""",6,"Axis Bank Ltd",309.01,902.3092,42.33437,7.72525,1.28,0.992256
"507","""Jun 22""",7,"Paytm Payments Bank",307.3,900.389,40.5636,0.55314,0.97,0.951667
"508","""Jun 22""",8,"Punjab National Bank",274.44,699.822,47.20368,4.66548,1.51,1.429215
"509","""Jun 22""",9,"Canara Bank",267.83,650.8269,60.79741,4.794157,1.33,1.224132
"510","""Jun 22""",10,"Kotak Mahindra Bank",251.49,591.0015,34.20264,4.929204,1.45,1.38823
"551","""July 22""",1,"State Bank Of India",1709.44,26889.4912,2119.7056,198.29504,7.91,7.817453
"552","""July 22""",2,"Hdfc Bank Ltd",570.34,3074.1326,174.52404,2.56653,2.44,2.409988
"553","""July 22""",3,"Bank Of Baroda",405.95,1522.3125,105.95295,17.45585,2.25,2.037375
"554","""July 22""",4,"Union Bank Of India",391,1407.6,114.954,4.7311,2.1,1.8564
"555","""July 22""",5,"Icici Bank",359.49,1225.8609,60.03483,4.889064,1.71,1.532844
"556","""July 22""",6,"Axis Bank Ltd",328.07,1000.6135,64.95786,10.432626,1.41,1.059192
"557","""July 22""",7,"Paytm Payments Bank",315.91,954.0482,41.70012,0.473865,0.95,0.92682
"558","""July 22""",8,"Punjab National Bank",289.34,766.751,59.89338,8.361926,2.23,1.886134
"559","""July 22""",9,"Canara Bank",285.57,736.7706,64.25325,11.879712,2.75,2.377375
"560","""July 22""",10,"Kotak Mahindra Bank",270.94,674.6406,40.37006,18.938706,3.38,3.152188
"601","""Aug 22""",1,"State Bank Of India",1793.55,29342.478,2313.6795,484.2585,8.02,7.316646
"602","""Aug 22""",2,"Hdfc Bank Ltd",594.28,3298.254,193.141,37.73678,3.44,3.23704
"603","""Aug 22""",3,"Bank Of Baroda",432.55,1738.851,127.1697,2.42228,1.68,1.659504
"604","""Aug 22""",4,"Union Bank Of India",406.68,1508.7828,124.85076,18.178596,1.8,1.25892
"605","""Aug 22""",5,"Icici Bank",379.89,1352.4084,65.34108,23.515191,1.75,1.4735
"606","""Aug 22""",6,"Axis Bank Ltd",339.15,1064.931,75.2913,9.055305,0.89,0.515844
"607","""Aug 22""",7,"Paytm Payments Bank",322.02,988.6014,44.76078,0.193212,0.82,0.809176
"608","""Aug 22""",8,"Punjab National Bank",305.33,861.0306,54.65407,14.991703,2.37,1.996488
"609","""Aug 22""",9,"Canara Bank",297.1,805.141,67.1446,7.66518,1.47,1.239063
"610","""Aug 22""",10,"Kotak Mahindra Bank",286.52,759.278,46.12972,13.208572,1.17,1.114893
"651","""Sept 22""",1,"State Bank Of India",1865.75,31456.545,2350.845,986.98175,11.29,9.56263
"652","""Sept 22""",2,"Hdfc Bank Ltd",610.12,3514.2912,201.3396,4.819948,2.39,2.342678
"653","""Sept 22""",3,"Bank Of Baroda",450.27,1882.1286,137.78262,4.862916,1.69,1.645722
"654","""Sept 22""",4,"Union Bank Of India",420.12,1596.456,137.37924,27.51786,1.95,1.24527
"655","""Sept 22""",5,"Icici Bank",370.12,1288.0176,66.25148,14.508704,1.35,1.11915
"656","""Sept 22""",6,"Axis Bank Ltd",344.25,1129.14,51.6375,1.03275,1.07,0.917311
"657","""Sept 22""",7,"Paytm Payments Bank",340.75,1110.845,47.705,0.442975,0.78,0.753402
"658","""Sept 22""",8,"Punjab National Bank",318.28,929.3776,56.97212,23.775516,2.77,2.152844
"659","""Sept 22""",9,"Canara Bank",305.88,847.2876,65.45832,20.18808,2.2,1.7919
"660","""Sept 22""",10,"Kotak Mahindra Bank",300.14,840.392,50.72366,7.113318,1.2,1.119
"701","""Oct 22""",1,"State Bank Of India",1972.78,35884.8682,2564.614,461.63052,8.78,8.295344
"702","""Oct 22""",2,"Hdfc Bank Ltd",660.29,4113.6067,232.42208,9.574205,0.97,0.940512
"703","""Oct 22""",3,"Bank Of Baroda",478.92,2140.7724,144.63384,6.848556,0.96,0.92256
"704","""Oct 22""",4,"Union Bank Of India",446.71,1822.5768,148.30772,23.139578,0.73,0.53509
"705","""Oct 22""",5,"Icici Bank",401.27,1524.826,76.64257,7.864892,0.91,0.824369
"706","""Oct 22""",6,"Axis Bank Ltd",371.17,1317.6535,58.64486,0.668106,0.93,0.861738
"707","""Oct 22""",7,"Paytm Payments Bank",362.51,1257.9097,52.56395,0.253757,0.98,0.962752
"708","""Oct 22""",8,"Punjab National Bank",333.94,1041.8928,63.4486,7.580438,0.82,0.675516
"709","""Oct 22""",9,"Kotak Mahindra Bank",325.73,993.4765,64.82027,1.791515,0.79,0.627418
"710","""Oct 22""",10,"Canara Bank",323.12,972.5912,66.56272,1.647912,0.92,0.846124
"751","""Nov 22""",1,"State Bank Of India",1951.85,35348.0035,2381.257,333.76635,8.51,6.84204
"752","""Nov 22""",2,"Hdfc Bank Ltd",649.64,3995.286,217.6294,6.691292,2.29,2.277634
"753","""Nov 22""",3,"Bank Of Baroda",475.43,2115.6635,139.30099,3.375553,1.69,1.679522
"754","""Nov 22""",4,"Union Bank Of India",447.27,1847.2251,141.33732,9.169035,2.04,1.602828
"755","""Nov 22""",5,"Icici Bank",396.06,1481.2644,74.45928,10.178742,2.91,1.974144
"756","""Nov 22""",6,"Axis Bank Ltd",384.42,1418.5098,56.50974,2.191194,2.04,1.373736
"757","""Nov 22""",7,"Paytm Payments Bank",364,1270.36,50.596,2.2204,1.66,1.55376
"758","""Nov 22""",8,"Canara Bank",332.82,1021.7574,69.8922,13.379364,1.34,0.976994
"759","""Nov 22""",9,"Punjab National Bank",328.34,994.8702,60.41456,20.455582,1.21,0.935451
"760","""Nov 22""",10,"Kotak Mahindra Bank",325.86,1003.6488,53.7669,3.291186,1.18,0.840278
"801","""Dec 22""",1,"State Bank Of India",2128.94,41344.0148,2852.7796,1109.17774,14.35,13.76165
"802","""Dec 22""",2,"Hdfc Bank Ltd",700.19,4607.2502,256.26954,33.819177,4.32,3.988656
"803","""Dec 22""",3,"Bank Of Baroda",509.92,2309.9376,163.68432,125.95024,5.54,4.020378
"804","""Dec 22""",4,"Union Bank Of India",487.38,2178.5886,166.19658,27.29328,3.59,2.477459
"805","""Dec 22""",5,"Icici Bank",426.32,1726.596,65.22696,21.230736,3.11,2.044825
"806","""Dec 22""",6,"Axis Bank Ltd",397.64,1507.0556,66.80352,4.57286,1.93,1.644167
"807","""Dec 22""",7,"Paytm Payments Bank",386.5,1430.05,57.975,2.20305,1.94,1.405336
"808","""Dec 22""",8,"Canara Bank",361,1205.74,89.167,6.3536,2.62,2.442626
"809","""Dec 22""",9,"Punjab National Bank",354.8,1174.388,69.5408,12.9502,1.32,1.21902
"810","""Dec 22""",10,"Kotak Mahindra Bank",351.8,1160.94,59.4542,15.69028,1.24,0.998076
"851","""Jan 23""",1,"State Bank Of India",2153.2,42461.104,2863.756,1018.4636,12,11.52
"852","""Jan 23""",2,"Hdfc Bank Ltd",708.14,4772.8636,218.81526,17.491058,2.61,2.550231
"853","""Jan 23""",3,"Bank Of Baroda",522.75,2540.565,166.75725,23.73285,2.83,2.348617
"854","""Jan 23""",4,"Union Bank Of India",500.43,2326.9995,165.1419,10.0086,2.31,1.886346
"855","""Jan 23""",5,"Icici Bank",421.23,1693.3446,58.9722,18.449874,2.22,2.030634
"856","""Jan 23""",6,"Axis Bank Ltd",390.33,1455.9309,58.93983,7.299171,1.24,1.116868
"857","""Jan 23""",7,"Paytm Payments Bank",389.61,1461.0375,54.5454,1.051947,0.9,0.80622
"858","""Jan 23""",8,"Kotak Mahindra Bank",371.3,1299.55,64.9775,11.69595,2.26,0.34352
"859","""Jan 23""",9,"Canara Bank",369.95,1272.628,86.19835,6.400135,1.78,1.534716
"860","""Jan 23""",10,"Punjab National Bank",364.04,1226.8148,73.53608,21.441956,3.46,1.842796
"901","""Feb 23""",1,"State Bank Of India",1987.68,35162.0592,2524.3536,1804.81344,18.42,15.043614
"902","""Feb 23""",2,"Hdfc Bank Ltd",681.04,4447.1912,174.34624,12.93976,2.93,2.735448
"903","""Feb 23""",3,"Bank Of Baroda",502.38,2341.0908,146.19258,32.303034,2.83,2.494928
"904","""Feb 23""",4,"Union Bank Of India",472.1,2086.682,110.4714,31.1586,4.03,2.189096
"905","""Feb 23""",5,"Icici Bank",397.14,1521.0462,51.6282,3.296262,1.27,1.183386
"906","""Feb 23""",6,"Axis Bank Ltd",367.84,1291.1184,60.6936,0.514976,1.26,1.127952
"907","""Feb 23""",7,"Paytm Payments Bank",360.42,1247.0532,48.6567,0.756882,0.84,0.778596
"908","""Feb 23""",8,"Kotak Mahindra Bank",358.4,1197.056,67.3792,17.70496,1.7,1.12744
"909","""Feb 23""",9,"Canara Bank",354.92,1171.236,78.0824,8.305128,2.21,1.855516
"910","""Feb 23""",10,"Punjab National Bank",351.6,1167.312,61.53,4.07856,1.7,1.64815
"951","""Mar 23""",1,"State Bank Of India",2260.05,47212.4445,2599.0575,1249.80765,15.95,14.292795
"952","""Mar 23""",2,"Hdfc Bank Ltd",778.92,5725.062,287.42148,51.564504,4.53,4.225131
"953","""Mar 23""",3,"Bank Of Baroda",572.31,3067.5816,192.86847,12.762513,2.06,1.993462
"954","""Mar 23""",4,"Union Bank Of India",538.68,2747.268,134.67,14.759832,2.6,1.9656
"955","""Mar 23""",5,"Icici Bank",444.82,1899.3814,61.38516,15.79111,2.72,2.587808
"956","""Mar 23""",6,"Axis Bank Ltd",413.87,1638.9252,70.77177,1.158836,1.29,1.159194
"957","""Mar 23""",7,"Punjab National Bank",409.55,1593.1495,79.86225,2.006795,1.75,1.45145
"958","""Mar 23""",8,"Canara Bank",405.45,1544.7645,95.28075,3.608505,1.68,1.56576
"959","""Mar 23""",9,"Paytm Payments Bank",404.99,1567.3113,66.01337,3.442415,1.22,0.954772
"960","""Mar 23""",10,"Kotak Mahindra Bank",404.38,1532.6002,87.34608,14.517242,1.77,1.161651
"1001","""April 23""",1,"State Bank Of India",2298.06,49293.387,2458.9242,1022.6367,8.38,8.017984
"1002","""April 23""",2,"Hdfc Bank Ltd",797.45,6100.4925,228.86815,22.248855,3.29,3.131093
"1003","""April 23""",3,"Bank Of Baroda",589.97,3244.835,220.64878,9.734505,1.98,1.959012
"1004","""April 23""",4,"Union Bank Of India",558.92,2934.33,136.9354,48.06712,3.01,2.015496
"1005","""April 23""",5,"Icici Bank",456.92,2015.0172,62.59804,6.442572,3.06,1.950444
"1006","""April 23""",6,"Punjab National Bank",429.32,1738.746,83.28808,20.60736,2.36,2.02252
"1007","""April 23""",7,"Kotak Mahindra Bank",420.44,1669.1468,87.45152,9.543988,3.72,3.342792
"1008","""April 23""",8,"Axis Bank Ltd",419.45,1681.9945,72.1454,2.26503,1.39,1.071968
"1009","""April 23""",9,"Canara Bank",410.23,1583.4878,89.43014,8.901991,4.63,3.72252
"1010","""April 23""",10,"Paytm Payments Bank",403.18,1560.3066,63.70244,1.128904,1.04,1.035632
"1051","""May 23""",1,"State Bank Of India",2427.45,56001.2715,2645.9205,252.4548,8.41,8.080328
"1052","""May 23""",2,"Hdfc Bank Ltd",834.13,6681.3813,260.24856,12.51195,2.75,2.6862
"1053","""May 23""",3,"Bank Of Baroda",615.53,3557.7634,208.66467,21.974421,2.08,1.945216
"1054","""May 23""",4,"Union Bank Of India",587.3,3283.007,146.825,17.20789,2.06,1.493294
"1055","""May 23""",5,"Icici Bank",471.2,2129.824,66.9104,20.40296,2.23,2.002094
"1056","""May 23""",6,"Punjab National Bank",455.13,1957.059,97.85295,14.291082,1.87,1.669536
"1057","""May 23""",7,"Kotak Mahindra Bank",445.82,1854.6112,98.0804,34.149812,1.07,0.891738
"1058","""May 23""",8,"Canara Bank",433.19,1758.7514,97.03456,16.287944,1.72,1.362412
"1059","""May 23""",9,"Axis Bank Ltd",427.56,1752.996,73.11276,0.342048,1.01,0.989295
"1060","""May 23""",10,"Paytm Payments Bank",425.23,1739.1907,66.33588,0.340184,0.66,0.638352
"1101","""Jun 23""",1,"State Bank Of India",2415.09,55764.4281,2463.3918,81.630042,7.08,6.825828
"1102","""Jun 23""",2,"Hdfc Bank Ltd",830.95,6655.9095,240.9755,7.561645,2.22,2.119656
"1103","""Jun 23""",3,"Bank Of Baroda",604.62,3452.3802,195.89688,6.529896,1.84,1.67624
"1104","""Jun 23""",4,"Union Bank Of India",581.94,3223.9476,150.14052,8.787294,1.8,1.47816
"1105","""Jun 23""",5,"Icici Bank",461.74,2036.2734,66.02882,27.889096,2.53,2.307613
"1106","""Jun 23""",6,"Punjab National Bank",449.87,1925.4436,85.4753,9.087374,1.85,1.751765
"1107","""Jun 23""",7,"Kotak Mahindra Bank",436.37,1762.9348,92.07407,44.50974,1.35,0.981855
"1108","""Jun 23""",8,"Canara Bank",429.75,1736.19,89.388,17.5338,2.45,2.01292
"1109","""Jun 23""",9,"Axis Bank Ltd",422.13,1709.6265,68.80719,0.886473,1.08,0.907308
"1110","""Jun 23""",10,"Paytm Payments Bank",407.65,1602.0645,59.5169,0,0.58,0.563006
"1151","""July 23""",1,"State Bank Of India",2574.67,63336.882,2806.3903,112.513079,8.675316,8.6241316356
"1152","""July 23""",2,"Hdfc Bank Ltd",879.56,7449.8732,277.0614,8.443776,2.233976,2.233976
"1153","""July 23""",3,"Bank Of Baroda",645.14,3935.354,216.76704,6.193344,2.143761,2.1379728453
"1154","""July 23""",4,"Union Bank Of India",616.05,3628.5345,164.48535,0.36963,1.726157,1.726157
"1155","""July 23""",5,"Punjab National Bank",480.73,2201.7434,102.87622,5.528395,1.605735,1.605735
"1156","""July 23""",6,"Icici Bank",481.53,2239.1145,75.60021,0.674142,1.303102,1.2088877254
"1157","""July 23""",7,"Axis Bank Ltd",462.2,2056.79,77.6496,0.18488,1.059541,1.059541
"1158","""July 23""",8,"Kotak Mahindra Bank",460.81,2009.1316,108.75116,0.829458,1.303627,1.303627
"1159","""July 23""",9,"Canara Bank",454.62,1945.7736,102.2895,14.638764,2.063598,2.0510100522
"1160","""July 23""",10,"Paytm Payments Bank",433.01,1805.6517,66.25053,0.346408,0.623114,0.623114
"1201","""Aug 23""",1,"State Bank Of India",2707.09,69653.4257,3086.0826,533.29673,12.89,11.9877
"1202","""Aug 23""",2,"Hdfc Bank Ltd",933.63,8346.6522,351.04488,13.07082,2.83,2.6602
"1203","""Aug 23""",3,"Bank Of Baroda",695.99,4510.0152,251.25239,78.64687,2.49,1.992
"1204","""Aug 23""",4,"Union Bank Of India",662.03,4150.9281,184.04434,43.826386,3.42,2.1888
"1205","""Aug 23""",5,"Punjab National Bank",518.59,2535.9051,121.35006,30.907964,2.54,2.2352
"1206","""Aug 23""",6,"Icici Bank",508.79,2487.9831,79.88003,18.367319,2.13,1.8105
"1207","""Aug 23""",7,"Kotak Mahindra Bank",498.97,2360.1281,127.23735,1.197528,1.25,1.0625
"1208","""Aug 23""",8,"Axis Bank Ltd",490.64,2315.8208,85.37136,4.808272,1.56,0.9516
"1209","""Aug 23""",9,"Canara Bank",487.59,2242.914,117.99678,12.579822,1.89,1.5876
"1210","""Aug 23""",10,"Paytm Payments Bank",455.52,1999.7328,73.33872,0.409968,0.54,0.5292
"1251","""Sept 23""",1,"State Bank Of India",2730.35,71207.528,3112.599,193.581815,9.45,9.072
"1252","""Sept 23""",2,"Hdfc Bank Ltd",912.87,7978.4838,304.89858,46.647657,3.55,2.8755
"1253","""Sept 23""",3,"Bank Of Baroda",681.1,4379.473,239.7472,16.21018,2.13,1.9596
"1254","""Sept 23""",4,"Union Bank Of India",657.95,4079.29,192.77935,50.201585,3.26,1.9234
"1255","""Sept 23""",5,"Punjab National Bank",526.67,2633.35,131.6675,6.636042,1.83,1.7385
"1256","""Sept 23""",6,"Kotak Mahindra Bank",501.84,2378.7216,129.97656,8.28036,1.17,1.0647
"1257","""Sept 23""",7,"Icici Bank",484.28,2256.7448,76.51624,9.346604,1.43,1.144
"1258","""Sept 23""",8,"Canara Bank",486.91,2234.9169,124.16205,9.007835,1.74,1.4094
"1259","""Sept 23""",9,"Axis Bank Ltd",486.35,2276.118,84.6249,3.50172,1.1,0.99
"1260","""Sept 23""",10,"Paytm Payments Bank",426.45,1748.445,66.5262,0.51174,0.57,0.5358
"1301","""Oct 23""",1,"State Bank Of India",2930.95,79545.983,3810.235,2514.7551,29.12,25.9168
"1302","""Oct 23""",2,"Hdfc Bank Ltd",1005.24,9720.6708,357.86544,20.205324,3.23,3.1008
"1303","""Oct 23""",3,"Bank Of Baroda",746.16,5215.6584,284.28696,65.139768,4.89,4.2054
"1304","""Oct 23""",4,"Union Bank Of India",717.97,4860.6569,213.95506,72.51497,4.54,2.6332
"1305","""Oct 23""",5,"Punjab National Bank",576.75,3137.52,159.75975,24.56955,2.63,2.4985
"1306","""Oct 23""",6,"Icici Bank",542.07,2807.9226,106.78779,19.351899,2.06,1.751
"1307","""Oct 23""",7,"Axis Bank Ltd",533.42,2741.7788,100.81638,0.26671,1.28,1.2672
"1308","""Oct 23""",8,"Kotak Mahindra Bank",553.74,2884.9854,151.17102,24.807552,2.15,1.5695
"1309","""Oct 23""",9,"Canara Bank",530.06,2650.3,142.58614,12.032362,2.34,1.989
"1310","""Oct 23""",10,"Paytm Payments Bank",441.45,1876.1625,71.07345,0,0.69,0.6831
"1351","""Nov 23""",1,"State Bank Of India",2861.65,77636.5645,3634.2955,589.4999,10.71,9.3177
"1352","""Nov 23""",2,"Hdfc Bank Ltd",974.06,9136.6828,337.99882,3.701428,2.66,2.6068
"1353","""Nov 23""",3,"Bank Of Baroda",721.89,4952.1654,250.49583,5.702931,2.24,2.1728
"1354","""Nov 23""",4,"Union Bank Of India",700.46,4686.0774,197.52972,20.593524,3.02,2.3556
"1355","""Nov 23""",5,"Punjab National Bank",564.71,3026.8456,142.30692,14.004808,1.76,1.7248
"1356","""Nov 23""",6,"Kotak Mahindra Bank",543.5,2799.025,148.919,2.33705,1.34,1.2462
"1357","""Nov 23""",7,"Canara Bank",527.96,2618.6816,145.189,18.373008,2.23,1.6948
"1358","""Nov 23""",8,"Icici Bank",526.2,2662.572,95.2422,6.36702,1.45,1.3195
"1359","""Nov 23""",9,"Axis Bank Ltd",512.13,2524.8009,93.20766,1.280325,1.25,1.1625
"1360","""Nov 23""",10,"Paytm Payments Bank",412,1635.64,60.564,0.1648,0.62,0.6076
"1401","""Dec 23""",1,"State Bank Of India",3073.18,89921.2468,4087.3294,405.65976,12.75,10.67685
"1402","""Dec 23""",2,"Hdfc Bank Ltd",1040.77,10449.3308,372.59566,6.452774,3.63,3.541791
"1403","""Dec 23""",3,"Bank Of Baroda",766.81,5559.3725,289.85418,29.982271,3.3,2.87166
"1404","""Dec 23""",4,"Union Bank Of India",745.87,5273.3009,243.15362,42.216242,5.38,3.209708
"1405","""Dec 23""",5,"Punjab National Bank",607.36,3510.5408,168.84608,6.255808,2.35,2.30159
"1406","""Dec 23""",6,"Kotak Mahindra Bank",588.94,3268.617,176.682,16.961472,2.47,1.690468
"1407","""Dec 23""",7,"Canara Bank",563.67,2993.0877,170.79201,11.724336,2.43,2.098791
"1408","""Dec 23""",8,"Axis Bank Ltd",562.18,3047.0156,112.436,0.28109,1.67,1.46459
"1409","""Dec 23""",9,"Icici Bank",556.61,2983.4296,101.30302,10.185963,2.06,1.701354
"1410","""Dec 23""",10,"Paytm Payments Bank",410.19,1620.2505,60.70812,0,0.79,0.770645
"1451","""Jan 24""",1,"State Bank Of India",3128.97,93587.4927,4098.9507,185.860818,11.58,11.21523
"1452","""Jan 24""",2,"Hdfc Bank Ltd",1040.25,10433.7075,379.69125,0,3.34,3.301256
"1453","""Jan 24""",3,"Bank Of Baroda",781.72,5815.9968,285.3278,2.423332,2.71,2.670434
"1454","""Jan 24""",4,"Union Bank Of India",753.66,5366.0592,246.44682,65.266956,7.16,3.348016
"1455","""Jan 24""",5,"Punjab National Bank",618.95,3627.047,189.3987,10.336465,2.61,2.311938
"1456","""Jan 24""",6,"Kotak Mahindra Bank",600.83,3376.6646,186.85813,42.178266,2.08,1.861392
"1457","""Jan 24""",7,"Canara Bank",572.16,3078.2208,175.65312,14.361216,3.02,2.596596
"1458","""Jan 24""",8,"Axis Bank Ltd",559.49,3004.4613,111.898,9.343483,2.66,1.601586
"1459","""Jan 24""",9,"Icici Bank",547.55,2891.064,99.10655,2.354465,1.64,1.569808
"1460","""Jan 24""",10,"Paytm Payments Bank",410.06,1615.6364,61.91906,0.164024,0.87,0.853557
